,curso,regime,estabelecimento,Nota_minima
0,Administração Pública,Diurno,Instituto Politécnico de Castelo Branco,109.0
1,Administração Pública,Diurno,Instituto Politécnico de Leiria,127.9
2,Administração Pública,Diurno,Universidade de Aveiro,120.2
3,Administração Pública,Diurno,Universidade de Lisboa,140.0
4,Administração Pública,Diurno,Universidade do Minho,160.2
5,Administração Pública,Pós-Laboral,Universidade de Lisboa,135.5
6,Administração Pública e Políticas do Território,Pós-Laboral,Universidade de Lisboa,128.5
7,Administração Público-Privada,Diurno,Universidade de Coimbra,143.0
8,Administração de Publicidade e Marketing,Diurno,Instituto Politécnico de Portalegre,115.4
9,Agronomia,Diurno,Instituto Politécnico de Beja,124.4
10,Agronomia,Diurno,Instituto Politécnico de Castelo Branco,122.4
11,Agronomia,Diurno,Instituto Politécnico de Coimbra,118.2
12,Agronomia,Diurno,Instituto Politécnico de Portalegre,114.9
13,Agronomia,Diurno,Instituto Politécnico de Santarém,110.0
14,Agronomia,Diurno,Instituto Politécnico de Viana do Castelo,125.0
15,Agronomia,Diurno,Universidade de Évora,101.0
16,Agronomia,Diurno,Universidade do Algarve,122.3
17,Agronomia,Pós-Laboral,Instituto Politécnico de Santarém,142.5
18,Animação Sociocultural,Diurno,Instituto Politécnico da Guarda,111.0
19,Animação Sociocultural,Diurno,Instituto Politécnico de Lisboa,116.0
20,Animação Sociocultural,Diurno,Instituto Politécnico de Setúbal,131.4
21,Animação Sociocultural,Diurno,Universidade de Trás-os-Montes e Alto Douro,107.6
22,Animação Socioeducativa,Diurno,Instituto Politécnico de Coimbra,119.7
23,Animação Socioeducativa,Pós-Laboral,Instituto Politécnico de Coimbra,109.6
24,Animação Turística,Diurno,Instituto Politécnico de Leiria,115.4
25,Animação e Produção Artística,Diurno,Instituto Politécnico de Bragança,120.4
26,Antropologia,Diurno,ISCTE,121.0
27,Antropologia,Diurno,Universidade Nova de Lisboa,133.5
28,Antropologia,Diurno,Universidade de Coimbra,120.0
29,Antropologia,Diurno,Universidade de Lisboa,131.0
30,Arqueologia,Diurno,Universidade Nova de Lisboa,137.5
31,Arqueologia,Diurno,Universidade de Coimbra,136.5
32,Arqueologia,Diurno,Universidade de Lisboa,121.5
33,Arqueologia,Diurno,Universidade do Minho,145.0
34,Arqueologia,Diurno,Universidade do Porto,132.6
35,Arquitetura,Diurno,ISCTE,126.0
36,Arquitetura,Diurno,Universidade da Beira Interior,155.4
37,Arquitetura,Diurno,Universidade de Coimbra,149.8
38,Arquitetura,Diurno,Universidade de Lisboa,128.5
39,Arquitetura,Diurno,Universidade de Évora,142.4
40,Arquitetura,Diurno,Universidade do Minho,151.5
41,Arquitetura,Diurno,Universidade do Porto,118.0
42,Arquitetura Paisagista,Diurno,Universidade de Lisboa,112.5
43,Arquitetura Paisagista,Diurno,Universidade do Algarve,145.5
44,Arquitetura Paisagista,Diurno,Universidade do Porto,102.5
45,Arte Multimédia,Diurno,Universidade de Lisboa,121.3
46,Arte e Design,Diurno,Instituto Politécnico de Bragança,114.2
47,Arte e Design,Diurno,Instituto Politécnico de Coimbra,161.4
48,Artes Performativas,Diurno,Instituto Politécnico de Viseu,120.7
49,Artes Plásticas,Diurno,Instituto Politécnico de Leiria,135.1
50,Artes Plásticas,Diurno,Universidade do Porto,155.0
51,Artes Plásticas e Multimédia,Diurno,Instituto Politécnico de Viseu,111.7
52,Artes Plásticas e Multimédia,Diurno,Universidade de Évora,130.0
53,Artes Plásticas e Tecnologias Artísticas,Diurno,Instituto Politécnico de Viana do Castelo,130.6
54,Artes Visuais,Diurno,Universidade da Madeira,131.9
55,Artes Visuais,Diurno,Universidade do Algarve,136.5
56,Artes Visuais,Diurno,Universidade do Minho,140.5
57,Artes Visuais e Tecnologias,Diurno,Instituto Politécnico de Lisboa,129.0
58,Artes Visuais e Tecnologias Artísticas,Diurno,Instituto Politécnico do Porto,141.1
59,Artes e Cinema Digital,Diurno,Instituto Politécnico de Viana do Castelo,132.3
60,Artes e Humanidades,Diurno,Universidade de Lisboa,136.0
61,Assessoria e Tradução,Diurno,Instituto Politécnico do Porto,134.7
62,Assessoria e Tradução,Pós-Laboral,Instituto Politécnico do Porto,146.6
63,Atividade Física e Estilos de Vida Saudáveis,Diurno,Instituto Politécnico de Santarém,114.6
64,Audiologia,Diurno,Instituto Politécnico de Coimbra,125.6
65,Audiologia,Diurno,Instituto Politécnico do Porto,133.5
66,Audiovisual e Multimédia,Diurno,Instituto Politécnico de Beja,101.0
67,Audiovisual e Multimédia,Diurno,Instituto Politécnico de Lisboa,125.0
68,Automação e Sistemas de Produção,Diurno,Universidade de Aveiro,132.7
69,Bioengenharia,Diurno,Instituto Politécnico de Coimbra,119.2
70,Bioengenharia,Diurno,Universidade de Trás-os-Montes e Alto Douro,129.7
71,Bioengenharia,Diurno,Universidade do Algarve,120.7
72,Bioengenharia,Diurno,Universidade do Porto,132.3
73,Bioinformática,Diurno,Instituto Politécnico de Setúbal,112.9
74,Bioinformática,Diurno,Universidade do Porto,151.8
75,Biologia,Diurno,Universidade da Madeira,115.2
76,Biologia,Diurno,Universidade de Aveiro,146.0
77,Biologia,Diurno,Universidade de Coimbra,138.5
78,Biologia,Diurno,Universidade de Lisboa,125.3
79,Biologia,Diurno,Universidade de Trás-os-Montes e Alto Douro,123.8
80,Biologia,Diurno,Universidade de Évora,122.5
81,Biologia,Diurno,Universidade do Algarve,104.8
82,Biologia,Diurno,Universidade do Porto,111.5
83,Biologia,Diurno,Universidade dos Açores,114.5
84,Biologia Aplicada,Diurno,Universidade do Minho,148.0
85,Biologia Celular e Molecular,Diurno,Universidade Nova de Lisboa,156.8
86,Biologia Humana,Diurno,Universidade de Évora,123.5
87,Biologia Marinha,Diurno,Instituto Politécnico de Leiria,121.7
88,Biologia Marinha,Diurno,Universidade de Coimbra (Campus Figueira da Foz),120.8
89,Biologia Marinha,Diurno,Universidade do Algarve,131.4
90,Biologia e Biotecnologia,Diurno,Instituto Politécnico de Bragança,112.3
91,Biologia e Biotecnologia Alimentar,Diurno,Instituto Politécnico de Santarém,105.0
92,Biologia e Geologia,Diurno,Universidade de Aveiro,141.8
93,Biologia e Geologia,Diurno,Universidade de Trás-os-Montes e Alto Douro,120.8
94,Biologia e Geologia,Diurno,Universidade de Évora,118.9
95,Biologia e Geologia,Diurno,Universidade do Minho,129.2
96,Biomecânica,Diurno,Instituto Politécnico de Leiria,120.4
97,Bioquímica,Diurno,Universidade Nova de Lisboa,114.8
98,Bioquímica,Diurno,Universidade da Beira Interior,128.8
99,Bioquímica,Diurno,Universidade da Madeira,117.0
100,Bioquímica,Diurno,Universidade de Aveiro,139.4
101,Bioquímica,Diurno,Universidade de Coimbra,126.3
102,Bioquímica,Diurno,Universidade de Lisboa,139.3
103,Bioquímica,Diurno,Universidade de Trás-os-Montes e Alto Douro,132.7
104,Bioquímica,Diurno,Universidade de Évora,101.0
105,Bioquímica,Diurno,Universidade do Algarve,121.9
106,Bioquímica,Diurno,Universidade do Minho,130.4
107,Bioquímica,Diurno,Universidade do Porto,116.5
108,Biorrecursos,Diurno,Instituto Politécnico do Porto,119.4
109,Biotecnologia,Diurno,Instituto Politécnico de Coimbra,120.4
110,Biotecnologia,Diurno,Instituto Politécnico de Leiria,123.3
111,Biotecnologia,Diurno,Instituto Politécnico de Setúbal,130.1
112,Biotecnologia,Diurno,Instituto Politécnico de Viana do Castelo,121.4
113,Biotecnologia,Diurno,Instituto Politécnico de Viseu,116.3
114,Biotecnologia,Diurno,Universidade da Beira Interior,112.9
115,Biotecnologia,Diurno,Universidade de Aveiro,130.4
116,Biotecnologia,Diurno,Universidade de Évora,115.0
117,Biotecnologia,Diurno,Universidade do Algarve,124.4
118,Biotecnologia Alimentar,Diurno,Instituto Politécnico de Castelo Branco,121.7
119,Biotecnologia Medicinal,Diurno,Instituto Politécnico da Guarda,112.0
120,Biotecnologia Medicinal,Diurno,Instituto Politécnico do Porto,142.5
121,Ciclo Básico de Medicina,Diurno,Universidade da Madeira,172.5
122,Ciclo Básico de Medicina,Diurno,Universidade dos Açores,159.3
123,Cidades Sustentáveis e Inteligentes,Diurno,Universidade de Trás-os-Montes e Alto Douro,113.5
124,Cinema,Diurno,Universidade da Beira Interior,143.0
125,Cinema e Audiovisual,Diurno,Instituto Politécnico do Porto,122.2
126,Ciênc de Engenharia-Eng Mecânica; Eng Eletrotécnica e de Computadores (Pre),Diurno,Universidade dos Açores,125.3
127,Ciência Política,Diurno,ISCTE,148.5
128,Ciência Política,Diurno,Universidade de Lisboa,155.0
129,Ciência Política,Diurno,Universidade do Minho,113.6
130,Ciência Política e Relações Internacionais,Diurno,Universidade Nova de Lisboa,121.5
131,Ciência Política e Relações Internacionais,Diurno,Universidade da Beira Interior,150.7
132,Ciência da Informação,Diurno,Universidade de Coimbra,120.8
133,Ciência da Informação,Diurno,Universidade do Porto,144.0
134,Ciência de Computadores,Diurno,Universidade do Porto,141.0
135,Ciência de Dados,Diurno,ISCTE,161.2
136,Ciência de Dados,Diurno,Universidade Nova de Lisboa,128.7
137,Ciência de Dados,Diurno,Universidade do Minho,138.0
138,Ciência de Dados,Pós-Laboral,ISCTE,146.0
139,Ciência de Dados e Inteligência Artificial,Diurno,Instituto Politécnico da Guarda,120.4
140,Ciência de Dados para a Gestão,Diurno,Instituto Politécnico de Coimbra,128.8
141,Ciência e Tecnologia Animal,Diurno,Universidade de Évora,121.5
142,Ciências Agrárias,Diurno,Universidade dos Açores,113.2
143,Ciências Bioanalíticas,Diurno,Universidade de Coimbra,131.2
144,Ciências Biomédicas,Diurno,Universidade da Beira Interior,140.8
145,Ciências Biomédicas,Diurno,Universidade de Aveiro,127.5
146,Ciências Biomédicas,Diurno,Universidade de Trás-os-Montes e Alto Douro,148.0
147,Ciências Biomédicas,Diurno,Universidade do Algarve,142.1
148,Ciências Biomédicas Laboratoriais,Diurno,Instituto Politécnico de Bragança,111.0
149,Ciências Biomédicas Laboratoriais,Diurno,Instituto Politécnico de Castelo Branco,118.1
150,Ciências Biomédicas Laboratoriais,Diurno,Instituto Politécnico de Coimbra,138.9
151,Ciências Biomédicas Laboratoriais,Diurno,Instituto Politécnico de Lisboa,124.8
152,Ciências Biomédicas Laboratoriais,Diurno,Instituto Politécnico do Porto,131.0
153,Ciências Biomédicas Laboratoriais,Diurno,Universidade do Algarve,126.2
154,Ciências Biomédicas e da Saúde,Diurno,Universidade de Évora,133.5
155,Ciências Empresariais,Diurno,Instituto Politécnico do Porto,124.9
156,Ciências Empresariais,Pós-Laboral,Instituto Politécnico do Porto,122.7
157,Ciências Farmacêuticas,Diurno,Universidade da Beira Interior,146.9
158,Ciências Farmacêuticas,Diurno,Universidade de Coimbra,132.8
159,Ciências Farmacêuticas,Diurno,Universidade de Lisboa,138.0
160,Ciências Farmacêuticas,Diurno,Universidade de Évora,141.6
161,Ciências Farmacêuticas,Diurno,Universidade do Algarve,141.3
162,Ciências Farmacêuticas,Diurno,Universidade do Porto,127.8
163,Ciências Farmacêuticas (Preparatórios),Diurno,Universidade dos Açores,138.7
164,Ciências Florestais e Recursos Naturais,Diurno,Instituto Politécnico de Coimbra,105.0
165,Ciências Musicais,Diurno,Universidade Nova de Lisboa,114.0
166,Ciências da Arte e do Património,Diurno,Universidade de Lisboa,136.3
167,Ciências da Computação,Diurno,Universidade do Minho,147.0
168,Ciências da Comunicação,Diurno,Universidade Nova de Lisboa,127.0
169,Ciências da Comunicação,Diurno,Universidade da Beira Interior,120.4
170,Ciências da Comunicação,Diurno,Universidade de Lisboa,162.5
171,Ciências da Comunicação,Diurno,Universidade de Trás-os-Montes e Alto Douro,100.0
172,Ciências da Comunicação,Diurno,Universidade do Algarve,131.1
173,Ciências da Comunicação,Diurno,Universidade do Minho,145.6
174,Ciências da Comunicação,Diurno,Universidade do Porto,128.0
175,Ciências da Cultura,Diurno,Universidade da Beira Interior,115.9
176,Ciências da Educação,Diurno,Universidade da Madeira,135.0
177,Ciências da Educação,Diurno,Universidade de Coimbra,119.0
178,Ciências da Educação,Diurno,Universidade de Évora,131.9
179,Ciências da Educação,Diurno,Universidade do Porto,123.0
180,Ciências da Educação e da Formação,Diurno,Universidade do Algarve,113.9
181,Ciências da Linguagem,Diurno,Universidade Nova de Lisboa,149.0
182,Ciências da Linguagem,Diurno,Universidade de Lisboa,118.0
183,Ciências da Linguagem,Diurno,Universidade do Porto,134.6
184,Ciências da Nutrição,Diurno,Universidade Nova de Lisboa,153.3
185,Ciências da Nutrição,Diurno,Universidade de Lisboa,155.5
186,Ciências da Nutrição,Diurno,Universidade de Trás-os-Montes e Alto Douro,128.0
187,Ciências da Nutrição,Diurno,Universidade do Porto,140.8
188,Ciências do Ambiente,Diurno,Universidade de Trás-os-Montes e Alto Douro,114.5
189,Ciências do Ambiente,Diurno,Universidade do Minho,129.8
190,Ciências do Desporto,Diurno,Universidade da Beira Interior,124.1
191,Ciências do Desporto,Diurno,Universidade de Coimbra,114.3
192,Ciências do Desporto,Diurno,Universidade de Lisboa,131.0
193,Ciências do Desporto,Diurno,Universidade de Trás-os-Montes e Alto Douro,122.4
194,Ciências do Desporto,Diurno,Universidade de Évora,134.3
195,Ciências do Desporto,Diurno,Universidade do Porto,127.5
196,Ciências do Mar,Diurno,Universidade de Aveiro,125.5
197,Ciências do Meio Aquático,Diurno,Universidade do Porto,148.0
198,Ciências e Tecnologia do Ambiente,Diurno,Instituto Politécnico de Viseu,97.0
199,Ciências e Tecnologia do Ambiente,Diurno,Universidade do Porto,128.0
200,Ciências e Tecnologias da Documentação e Informação,Diurno,Instituto Politécnico do Porto,138.8
201,Computação Criativa e Realidade Virtual,Diurno,Universidade da Beira Interior,126.8
202,Comunicação Empresarial,Diurno,Instituto Politécnico do Porto,164.3
203,Comunicação Empresarial,Pós-Laboral,Instituto Politécnico do Porto,141.8
204,Comunicação Multimédia,Diurno,Instituto Politécnico da Guarda,105.8
205,Comunicação Organizacional,Diurno,Instituto Politécnico de Coimbra,135.9
206,Comunicação Organizacional,Pós-Laboral,Instituto Politécnico de Coimbra,134.8
207,Comunicação Social,Diurno,Instituto Politécnico de Coimbra,143.4
208,Comunicação Social,Diurno,Instituto Politécnico de Setúbal,136.6
209,Comunicação Social,Diurno,Instituto Politécnico de Viseu,118.0
210,Comunicação Social: Jornalismo e Comunicação Empresarial,Diurno,Instituto Politécnico de Tomar,122.6
211,Comunicação e Design Multimédia,Diurno,Instituto Politécnico de Coimbra,125.8
212,Comunicação e Media,Diurno,Instituto Politécnico de Leiria,135.3
213,Comunicação e Multimédia,Diurno,Universidade de Trás-os-Montes e Alto Douro,116.0
214,Comunicação e Relações Públicas,Diurno,Instituto Politécnico da Guarda,109.7
215,Comunicação e Relações Públicas,Diurno,Universidade dos Açores,119.4
216,"Comunicação, Cultura e Organizações",Diurno,Universidade da Madeira,127.0
217,Comércio Internacional,Diurno,Instituto Politécnico do Porto,141.0
218,Comércio Internacional,Pós-Laboral,Instituto Politécnico do Porto,145.6
219,Comércio e Negócios Internacionais,Pós-Laboral,Instituto Politécnico de Lisboa,135.3
220,Comércio e Relações Económicas Internacionais,Diurno,Instituto Politécnico de Coimbra,128.5
221,Conservação - Restauro,Diurno,Universidade Nova de Lisboa,116.2
222,Conservação e Restauro,Diurno,Instituto Politécnico de Tomar,133.5
223,Contabilidade,Diurno,Instituto Politécnico da Guarda,106.7
224,Contabilidade,Diurno,Instituto Politécnico de Bragança,102.0
225,Contabilidade,Diurno,Instituto Politécnico de Tomar,122.0
226,Contabilidade,Diurno,Instituto Politécnico de Viseu,131.9
227,Contabilidade,Diurno,Instituto Politécnico do Cávado e do Ave,117.4
228,Contabilidade,Diurno,Universidade de Aveiro,123.3
229,Contabilidade,Diurno,Universidade do Minho,104.0
230,Contabilidade,Pós-Laboral,Instituto Politécnico do Cávado e do Ave,132.8
231,Contabilidade,Pós-Laboral,Universidade de Aveiro,128.1
232,Contabilidade e Administração,Diurno,Instituto Politécnico de Coimbra,119.0
233,Contabilidade e Administração,Diurno,Instituto Politécnico de Lisboa,123.6
234,Contabilidade e Administração,Diurno,Instituto Politécnico do Porto,137.0
235,Contabilidade e Administração,Pós-Laboral,Instituto Politécnico de Lisboa,126.6
236,Contabilidade e Administração,Pós-Laboral,Instituto Politécnico do Porto,130.8
237,Contabilidade e Auditoria,Diurno,Instituto Politécnico de Coimbra,137.8
238,Contabilidade e Finanças,Diurno,Instituto Politécnico de Leiria,135.0
239,Contabilidade e Finanças,Diurno,Instituto Politécnico de Setúbal,138.5
240,Contabilidade e Finanças,Noturno,Instituto Politécnico de Setúbal,132.1
241,Contabilidade e Fiscalidade,Diurno,Instituto Politécnico de Santarém,107.0
242,Contabilidade e Fiscalidade,Diurno,Instituto Politécnico de Viana do Castelo,131.3
243,Contabilidade e Gestão Pública,Diurno,Instituto Politécnico de Coimbra,125.7
244,Criatividade e Inovação Empresarial,Diurno,Instituto Politécnico do Porto,124.3
245,Criminologia,Diurno,Universidade do Porto,159.4
246,Criminologia e Justiça Criminal,Diurno,Universidade do Minho,135.6
247,Cultura e Transformação Digital,Diurno,Universidade de Trás-os-Montes e Alto Douro,118.4
248,Dança,Diurno,Universidade de Lisboa,128.5
249,Desenho,Diurno,Universidade de Lisboa,159.0
250,Desenho,Diurno,Universidade do Porto,153.0
251,Desenvolvimento de Software e Aplicações,Diurno,ISCTE,140.4
252,Design,Diurno,Instituto Politécnico do Porto,129.1
253,Design,Diurno,Universidade da Madeira,140.3
254,Design,Diurno,Universidade de Aveiro,114.8
255,Design,Diurno,Universidade de Lisboa,133.5
256,Design,Diurno,Universidade de Évora,155.9
257,Design Audiovisual,Diurno,Instituto Politécnico do Cávado e do Ave,143.9
258,Design Gráfico,Diurno,Instituto Politécnico do Cávado e do Ave,126.4
259,Design Gráfico,Pós-Laboral,Instituto Politécnico do Cávado e do Ave,129.1
260,Design Gráfico e Multimédia,Diurno,Instituto Politécnico de Leiria,129.7
261,Design Gráfico e Multimédia,Pós-Laboral,Instituto Politécnico de Leiria,123.2
262,Design Industrial,Diurno,Instituto Politécnico de Leiria,124.5
263,Design Industrial,Diurno,Instituto Politécnico do Cávado e do Ave,129.0
264,Design Industrial,Diurno,Universidade da Beira Interior,118.4
265,Design Multimédia,Diurno,Universidade da Beira Interior,133.9
266,Design Sustentável,Diurno,Universidade de Trás-os-Montes e Alto Douro,128.0
267,Design de Ambientes,Diurno,Instituto Politécnico de Viana do Castelo,132.5
268,Design de Animação,Diurno,Instituto Politécnico de Portalegre,128.0
269,Design de Comunicação,Diurno,Instituto Politécnico de Portalegre,119.0
270,Design de Comunicação,Diurno,Universidade de Lisboa,133.5
271,Design de Comunicação,Diurno,Universidade do Algarve,139.5
272,Design de Comunicação,Diurno,Universidade do Porto,163.0
273,Design de Comunicação e Audiovisual,Diurno,Instituto Politécnico de Castelo Branco,117.4
274,Design de Equipamento,Diurno,Universidade de Lisboa,146.5
275,Design de Equipamento e Ambientes,Diurno,Instituto Politécnico da Guarda,117.9
276,Design de Espaços,Diurno,Instituto Politécnico de Leiria,127.3
277,Design de Interiores e Equipamento,Diurno,Instituto Politécnico de Castelo Branco,129.9
278,Design de Jogos Digitais,Diurno,Instituto Politécnico de Bragança,115.0
279,Design de Moda,Diurno,Universidade da Beira Interior,141.0
280,Design de Moda,Diurno,Universidade de Lisboa,130.0
281,Design de Moda e Têxtil,Diurno,Instituto Politécnico de Castelo Branco,117.4
282,Design de Produto,Diurno,Universidade do Minho,151.5
283,Design de Produto - Cerâmica e Vidro,Diurno,Instituto Politécnico de Leiria,133.0
284,Design de Produto e Tecnologia,Diurno,Universidade de Aveiro,140.8
285,Design do Produto,Diurno,Instituto Politécnico de Viana do Castelo,127.7
286,Design e Marketing de Moda,Diurno,Universidade do Minho,136.0
287,Design e Multimédia,Diurno,Universidade de Coimbra,129.5
288,Design e Tecnologia das Artes Gráficas,Diurno,Instituto Politécnico de Tomar,121.2
289,Desporto,Diurno,Instituto Politécnico da Guarda,115.8
290,Desporto,Diurno,Instituto Politécnico de Beja,123.6
291,Desporto,Diurno,Instituto Politécnico de Bragança,112.9
292,Desporto,Diurno,Instituto Politécnico de Setúbal,125.6
293,Desporto,Diurno,Instituto Politécnico do Cávado e do Ave,127.7
294,Desporto,Diurno,Instituto Politécnico do Porto,134.8
295,Desporto,Diurno,Universidade do Algarve,128.2
296,Desporto de Natureza e Turismo Ativo,Diurno,Instituto Politécnico de Santarém,110.6
297,Desporto e Atividade Física,Diurno,Instituto Politécnico de Castelo Branco,117.1
298,Desporto e Atividade Física,Diurno,Instituto Politécnico de Viseu,128.8
299,Desporto e Bem-Estar,Diurno,Instituto Politécnico de Leiria,131.1
300,Desporto e Lazer,Diurno,Instituto Politécnico de Coimbra,133.2
301,Desporto e Lazer,Diurno,Instituto Politécnico de Viana do Castelo,121.4
302,"Desporto, Condição Física e Saúde",Diurno,Instituto Politécnico da Guarda,119.7
303,"Desporto, Condição Física e Saúde",Diurno,Instituto Politécnico de Santarém,116.0
304,Dietética e Nutrição,Diurno,Instituto Politécnico de Bragança,106.0
305,Dietética e Nutrição,Diurno,Instituto Politécnico de Coimbra,133.3
306,Dietética e Nutrição,Diurno,Instituto Politécnico de Leiria,124.6
307,Dietética e Nutrição,Diurno,Instituto Politécnico de Lisboa,129.0
308,Dietética e Nutrição,Diurno,Universidade do Algarve,129.2
309,Direito,Diurno,Universidade Nova de Lisboa,135.2
310,Direito,Diurno,Universidade de Coimbra,111.5
311,Direito,Diurno,Universidade de Lisboa,125.8
312,Direito,Diurno,Universidade do Minho,120.2
313,Direito,Diurno,Universidade do Porto,140.0
314,Direito,Pós-Laboral,Universidade de Lisboa,122.5
315,Direito,Pós-Laboral,Universidade do Minho,150.0
316,Direção e Gestão Hoteleira,Diurno,Escola Superior de Hotelaria e Turismo do Estoril,133.2
317,Direção e Gestão Hoteleira,Diurno,Instituto Politécnico de Bragança,113.2
318,Direção e Gestão Hoteleira,Diurno,Universidade da Madeira,126.0
319,Direção e Gestão Hoteleira,Pós-Laboral,Escola Superior de Hotelaria e Turismo do Estoril,126.4
320,Economia,Diurno,ISCTE,166.8
321,Economia,Diurno,Universidade Nova de Lisboa,141.0
322,Economia,Diurno,Universidade da Beira Interior,128.5
323,Economia,Diurno,Universidade da Madeira,104.9
324,Economia,Diurno,Universidade de Aveiro,126.4
325,Economia,Diurno,Universidade de Coimbra,148.5
326,Economia,Diurno,Universidade de Lisboa,139.8
327,Economia,Diurno,Universidade de Trás-os-Montes e Alto Douro,138.5
328,Economia,Diurno,Universidade de Évora,134.5
329,Economia,Diurno,Universidade do Algarve,127.2
330,Economia,Diurno,Universidade do Minho,166.2
331,Economia,Diurno,Universidade do Porto,170.0
332,Economia,Diurno,Universidade dos Açores,151.0
333,Economia (ensino em Inglês),Diurno,Universidade de Lisboa,171.0
334,Educação,Diurno,Universidade do Minho,132.0
335,Educação,Pós-Laboral,Universidade do Minho,138.8
336,Educação Ambiental,Diurno,Instituto Politécnico de Bragança,113.6
337,Educação Ambiental e Turismo de Natureza,Diurno,Instituto Politécnico de Santarém,111.8
338,Educação Básica,Diurno,Instituto Politécnico da Guarda,106.3
339,Educação Básica,Diurno,Instituto Politécnico de Beja,128.6
340,Educação Básica,Diurno,Instituto Politécnico de Bragança,113.1
341,Educação Básica,Diurno,Instituto Politécnico de Castelo Branco,118.1
342,Educação Básica,Diurno,Instituto Politécnico de Coimbra,129.1
343,Educação Básica,Diurno,Instituto Politécnico de Leiria,129.9
344,Educação Básica,Diurno,Instituto Politécnico de Lisboa,121.0
345,Educação Básica,Diurno,Instituto Politécnico de Portalegre,118.0
346,Educação Básica,Diurno,Instituto Politécnico de Santarém,110.5
347,Educação Básica,Diurno,Instituto Politécnico de Setúbal,118.6
348,Educação Básica,Diurno,Instituto Politécnico de Viana do Castelo,130.7
349,Educação Básica,Diurno,Instituto Politécnico de Viseu,118.2
350,Educação Básica,Diurno,Instituto Politécnico do Porto,118.7
351,Educação Básica,Diurno,Universidade da Madeira,122.9
352,Educação Básica,Diurno,Universidade de Aveiro,121.0
353,Educação Básica,Diurno,Universidade de Trás-os-Montes e Alto Douro,120.9
354,Educação Básica,Diurno,Universidade de Évora,121.4
355,Educação Básica,Diurno,Universidade do Algarve,120.4
356,Educação Básica,Diurno,Universidade do Minho,137.0
357,Educação Básica,Diurno,Universidade dos Açores,128.2
358,Educação Básica,Pós-Laboral,Instituto Politécnico de Lisboa,131.0
359,Educação Física e Desporto,Diurno,Universidade da Madeira,141.2
360,Educação Musical,Diurno,Instituto Politécnico do Porto,125.0
361,Educação Social,Diurno,Instituto Politécnico de Bragança,106.7
362,Educação Social,Diurno,Instituto Politécnico de Leiria,107.5
363,Educação Social,Diurno,Instituto Politécnico de Portalegre,116.6
364,Educação Social,Diurno,Instituto Politécnico de Santarém,118.2
365,Educação Social,Diurno,Instituto Politécnico de Viseu,102.6
366,Educação Social,Diurno,Instituto Politécnico do Porto,116.4
367,Educação Social,Diurno,Universidade do Algarve,129.1
368,Educação Social,Pós-Laboral,Instituto Politécnico do Porto,134.6
369,Educação Social Gerontológica,Diurno,Instituto Politécnico da Guarda,118.6
370,Educação Social Gerontológica,Diurno,Instituto Politécnico de Viana do Castelo,121.8
371,Educação e Formação,Diurno,Universidade de Lisboa,124.5
372,Eletrónica e Mecânica Industrial,Diurno,Universidade de Aveiro,135.9
373,Energia e Ambiente,Diurno,Instituto Politécnico da Guarda,113.9
374,Enfermagem,Diurno,Escola Superior de Enfermagem de Coimbra,120.0
375,Enfermagem,Diurno,Escola Superior de Enfermagem de Lisboa,116.8
376,Enfermagem,Diurno,Escola Superior de Enfermagem do Porto,118.0
377,Enfermagem,Diurno,Instituto Politécnico da Guarda,114.0
378,Enfermagem,Diurno,Instituto Politécnico de Beja,130.0
379,Enfermagem,Diurno,Instituto Politécnico de Bragança,122.1
380,Enfermagem,Diurno,Instituto Politécnico de Castelo Branco,129.0
381,Enfermagem,Diurno,Instituto Politécnico de Leiria,132.2
382,Enfermagem,Diurno,Instituto Politécnico de Portalegre,112.0
383,Enfermagem,Diurno,Instituto Politécnico de Santarém,127.2
384,Enfermagem,Diurno,Instituto Politécnico de Setúbal,127.2
385,Enfermagem,Diurno,Instituto Politécnico de Viana do Castelo,138.0
386,Enfermagem,Diurno,Instituto Politécnico de Viseu,124.4
387,Enfermagem,Diurno,Universidade da Madeira,139.5
388,Enfermagem,Diurno,Universidade de Aveiro,135.4
389,Enfermagem,Diurno,Universidade de Trás-os-Montes e Alto Douro,117.6
390,Enfermagem,Diurno,Universidade de Évora,133.7
391,Enfermagem,Diurno,Universidade do Algarve,137.0
392,Enfermagem,Diurno,Universidade do Minho,123.5
393,Enfermagem,Diurno,Universidade dos Açores,116.2
394,Enfermagem (entrada no 2.º semestre),Diurno,Instituto Politécnico de Bragança,114.6
395,Enfermagem Veterinária,Diurno,Instituto Politécnico de Bragança,112.2
396,Enfermagem Veterinária,Diurno,Instituto Politécnico de Castelo Branco,121.7
397,Enfermagem Veterinária,Diurno,Instituto Politécnico de Coimbra,128.9
398,Enfermagem Veterinária,Diurno,Instituto Politécnico de Portalegre,102.0
399,Enfermagem Veterinária,Diurno,Instituto Politécnico de Viana do Castelo,126.8
400,Enfermagem Veterinária,Diurno,Instituto Politécnico de Viseu,122.7
401,Engenharia Aeroespacial,Diurno,Universidade de Aveiro,133.4
402,Engenharia Aeroespacial,Diurno,Universidade de Lisboa,138.8
403,Engenharia Aeroespacial,Diurno,Universidade do Minho,184.2
404,Engenharia Aeroespacial,Diurno,Universidade do Porto,162.0
405,Engenharia Aeronáutica,Diurno,Universidade da Beira Interior,145.8
406,Engenharia Agronómica,Diurno,Instituto Politécnico de Viseu,137.6
407,Engenharia Agronómica,Diurno,Universidade de Lisboa,108.5
408,Engenharia Agronómica,Diurno,Universidade de Trás-os-Montes e Alto Douro,129.7
409,Engenharia Agronómica,Diurno,Universidade do Porto,116.5
410,Engenharia Alimentar,Diurno,Instituto Politécnico de Viana do Castelo,147.0
411,Engenharia Alimentar,Diurno,Instituto Politécnico de Viseu,143.7
412,Engenharia Alimentar,Diurno,Universidade de Lisboa,110.0
413,Engenharia Automóvel,Diurno,Instituto Politécnico de Leiria,122.4
414,Engenharia Biológica,Diurno,Universidade de Lisboa,156.8
415,Engenharia Biomédica,Diurno,Instituto Politécnico de Coimbra,135.9
416,Engenharia Biomédica,Diurno,Instituto Politécnico de Lisboa,150.5
417,Engenharia Biomédica,Diurno,Instituto Politécnico do Porto,141.2
418,Engenharia Biomédica,Diurno,Universidade Nova de Lisboa,146.8
419,Engenharia Biomédica,Diurno,Universidade de Aveiro,166.0
420,Engenharia Biomédica,Diurno,Universidade de Coimbra,155.3
421,Engenharia Biomédica,Diurno,Universidade de Lisboa,154.3
422,Engenharia Biomédica,Diurno,Universidade de Trás-os-Montes e Alto Douro,133.5
423,Engenharia Biomédica,Diurno,Universidade do Minho,150.2
424,Engenharia Biomédica e Biofísica,Diurno,Universidade de Lisboa,145.0
425,Engenharia Civil,Diurno,Instituto Politécnico de Bragança,144.4
426,Engenharia Civil,Diurno,Instituto Politécnico de Castelo Branco,137.9
427,Engenharia Civil,Diurno,Instituto Politécnico de Coimbra,113.4
428,Engenharia Civil,Diurno,Instituto Politécnico de Leiria,117.9
429,Engenharia Civil,Diurno,Instituto Politécnico de Lisboa,123.7
430,Engenharia Civil,Diurno,Instituto Politécnico de Viseu,134.6
431,Engenharia Civil,Diurno,Instituto Politécnico do Porto,141.4
432,Engenharia Civil,Diurno,Universidade Nova de Lisboa,140.0
433,Engenharia Civil,Diurno,Universidade da Beira Interior,123.2
434,Engenharia Civil,Diurno,Universidade da Madeira,120.8
435,Engenharia Civil,Diurno,Universidade de Aveiro,132.0
436,Engenharia Civil,Diurno,Universidade de Coimbra,131.5
437,Engenharia Civil,Diurno,Universidade de Lisboa,139.5
438,Engenharia Civil,Diurno,Universidade de Trás-os-Montes e Alto Douro,111.9
439,Engenharia Civil,Diurno,Universidade do Algarve,132.7
440,Engenharia Civil,Diurno,Universidade do Minho,151.6
441,Engenharia Civil,Diurno,Universidade do Porto,120.5
442,Engenharia Civil e do Ambiente,Diurno,Instituto Politécnico de Viana do Castelo,125.2
443,Engenharia Computacional,Diurno,Universidade de Aveiro,127.8
444,Engenharia Eletromecânica,Diurno,Instituto Politécnico de Coimbra,119.4
445,Engenharia Eletromecânica,Diurno,Universidade da Beira Interior,130.7
446,Engenharia Eletrotécnica,Diurno,Instituto Politécnico de Lisboa,108.0
447,Engenharia Eletrotécnica,Diurno,Instituto Politécnico de Viseu,130.5
448,Engenharia Eletrotécnica - Sistemas Elétricos de Energia,Diurno,Instituto Politécnico do Porto,139.2
449,Engenharia Eletrotécnica Marítima,Diurno,Escola Superior Náutica Infante D. Henrique,131.7
450,Engenharia Eletrotécnica e de Computadores,Diurno,Instituto Politécnico de Bragança,122.2
451,Engenharia Eletrotécnica e de Computadores,Diurno,Instituto Politécnico de Coimbra,122.3
452,Engenharia Eletrotécnica e de Computadores,Diurno,Instituto Politécnico de Leiria,127.2
453,Engenharia Eletrotécnica e de Computadores,Diurno,Instituto Politécnico de Setúbal,129.1
454,Engenharia Eletrotécnica e de Computadores,Diurno,Instituto Politécnico de Tomar,154.5
455,Engenharia Eletrotécnica e de Computadores,Diurno,Instituto Politécnico do Cávado e do Ave,121.4
456,Engenharia Eletrotécnica e de Computadores,Diurno,Instituto Politécnico do Porto,137.6
457,Engenharia Eletrotécnica e de Computadores,Diurno,Universidade Nova de Lisboa,127.8
458,Engenharia Eletrotécnica e de Computadores,Diurno,Universidade da Beira Interior,141.6
459,Engenharia Eletrotécnica e de Computadores,Diurno,Universidade de Aveiro,134.4
460,Engenharia Eletrotécnica e de Computadores,Diurno,Universidade de Coimbra,111.0
461,Engenharia Eletrotécnica e de Computadores,Diurno,Universidade de Lisboa,136.3
462,Engenharia Eletrotécnica e de Computadores,Diurno,Universidade de Trás-os-Montes e Alto Douro,127.7
463,Engenharia Eletrotécnica e de Computadores,Diurno,Universidade do Algarve,128.4
464,Engenharia Eletrotécnica e de Computadores,Diurno,Universidade do Porto,123.0
465,Engenharia Eletrotécnica e de Computadores,Noturno,Instituto Politécnico de Leiria,159.1
466,Engenharia Eletrónica,Diurno,Universidade de Lisboa,120.0
467,Engenharia Eletrónica Industrial e Computadores,Diurno,Universidade do Minho,115.8
468,Engenharia Eletrónica e Telecomunicações,Diurno,Universidade da Madeira,144.8
469,Engenharia Eletrónica e Telecomunicações e de Computadores,Diurno,Instituto Politécnico de Lisboa,117.2
470,Engenharia Florestal e dos Recursos Naturais,Diurno,Universidade de Lisboa,123.3
471,Engenharia Física,Diurno,Universidade Nova de Lisboa,170.0
472,Engenharia Física,Diurno,Universidade de Aveiro,127.3
473,Engenharia Física,Diurno,Universidade de Coimbra,132.8
474,Engenharia Física,Diurno,Universidade de Lisboa,156.5
475,Engenharia Física,Diurno,Universidade de Trás-os-Montes e Alto Douro,156.3
476,Engenharia Física,Diurno,Universidade do Minho,157.2
477,Engenharia Física,Diurno,Universidade do Porto,145.8
478,Engenharia Física Aplicada,Diurno,Instituto Politécnico de Lisboa,118.5
479,Engenharia Física Tecnológica,Diurno,Universidade de Lisboa,149.3
480,Engenharia Geoespacial,Diurno,Universidade de Lisboa,122.8
481,Engenharia Geoespacial,Diurno,Universidade do Porto,113.3
482,Engenharia Geológica,Diurno,Universidade Nova de Lisboa,124.4
483,Engenharia Geotécnica e Geoambiente,Diurno,Instituto Politécnico do Porto,117.5
484,Engenharia Informática,Diurno,ISCTE,121.5
485,Engenharia Informática,Diurno,Instituto Politécnico da Guarda,120.3
486,Engenharia Informática,Diurno,Instituto Politécnico de Beja,116.8
487,Engenharia Informática,Diurno,Instituto Politécnico de Bragança,110.0
488,Engenharia Informática,Diurno,Instituto Politécnico de Castelo Branco,120.9
489,Engenharia Informática,Diurno,Instituto Politécnico de Coimbra,111.9
490,Engenharia Informática,Diurno,Instituto Politécnico de Leiria,137.7
491,Engenharia Informática,Diurno,Instituto Politécnico de Portalegre,137.1
492,Engenharia Informática,Diurno,Instituto Politécnico de Setúbal,135.8
493,Engenharia Informática,Diurno,Instituto Politécnico de Tomar,118.9
494,Engenharia Informática,Diurno,Instituto Politécnico de Viana do Castelo,121.8
495,Engenharia Informática,Diurno,Instituto Politécnico de Viseu,122.8
496,Engenharia Informática,Diurno,Instituto Politécnico do Porto,113.7
497,Engenharia Informática,Diurno,Universidade Nova de Lisboa,134.6
498,Engenharia Informática,Diurno,Universidade da Beira Interior,119.5
499,Engenharia Informática,Diurno,Universidade da Madeira,124.2
500,Engenharia Informática,Diurno,Universidade de Aveiro,127.0
501,Engenharia Informática,Diurno,Universidade de Coimbra,121.5
502,Engenharia Informática,Diurno,Universidade de Lisboa,132.5
503,Engenharia Informática,Diurno,Universidade de Trás-os-Montes e Alto Douro,128.3
504,Engenharia Informática,Diurno,Universidade de Évora,123.1
505,Engenharia Informática,Diurno,Universidade do Algarve,111.1
506,Engenharia Informática,Diurno,Universidade do Minho,110.6
507,Engenharia Informática,Pós-Laboral,ISCTE,141.5
508,Engenharia Informática,Pós-Laboral,Instituto Politécnico de Coimbra,130.2
509,Engenharia Informática,Pós-Laboral,Instituto Politécnico de Leiria,119.6
510,Engenharia Informática (Curso Europeu),Diurno,Instituto Politécnico de Coimbra,137.6
511,Engenharia Informática Aplicada,Diurno,Universidade de Aveiro,137.9
512,Engenharia Informática Médica,Diurno,Instituto Politécnico do Cávado e do Ave,130.7
513,Engenharia Informática e Computação,Diurno,Universidade do Porto,167.8
514,Engenharia Informática e Multimédia,Diurno,Instituto Politécnico de Lisboa,131.5
515,Engenharia Informática e Telecomunicações,Diurno,Instituto Politécnico de Viseu,116.6
516,Engenharia Informática e de Computadores,Diurno,Escola Superior Náutica Infante D. Henrique,132.2
517,Engenharia Informática e de Computadores,Diurno,Instituto Politécnico de Lisboa,118.5
518,Engenharia Informática e de Computadores,Diurno,Universidade de Lisboa,132.0
519,"Engenharia Informática, Redes e Telecomunicações",Diurno,Instituto Politécnico de Lisboa,134.4
520,Engenharia Mecatrónica,Diurno,Instituto Politécnico de Viana do Castelo,124.7
521,Engenharia Mecatrónica,Diurno,Universidade de Évora,126.3
522,Engenharia Mecânica,Diurno,Instituto Politécnico de Bragança,130.7
523,Engenharia Mecânica,Diurno,Instituto Politécnico de Coimbra,123.6
524,Engenharia Mecânica,Diurno,Instituto Politécnico de Leiria,122.7
525,Engenharia Mecânica,Diurno,Instituto Politécnico de Lisboa,133.8
526,Engenharia Mecânica,Diurno,Instituto Politécnico de Setúbal,120.3
527,Engenharia Mecânica,Diurno,Instituto Politécnico de Tomar,132.3
528,Engenharia Mecânica,Diurno,Instituto Politécnico de Viana do Castelo,117.2
529,Engenharia Mecânica,Diurno,Instituto Politécnico de Viseu,120.2
530,Engenharia Mecânica,Diurno,Instituto Politécnico do Porto,151.8
531,Engenharia Mecânica,Diurno,Universidade Nova de Lisboa,143.4
532,Engenharia Mecânica,Diurno,Universidade de Aveiro,129.5
533,Engenharia Mecânica,Diurno,Universidade de Coimbra,125.5
534,Engenharia Mecânica,Diurno,Universidade de Lisboa,145.3
535,Engenharia Mecânica,Diurno,Universidade de Trás-os-Montes e Alto Douro,131.4
536,Engenharia Mecânica,Diurno,Universidade do Algarve,133.2
537,Engenharia Mecânica,Diurno,Universidade do Minho,128.4
538,Engenharia Mecânica,Diurno,Universidade do Porto,142.0
539,Engenharia Mecânica Automóvel,Diurno,Instituto Politécnico do Porto,151.2
540,Engenharia Mecânica Computacional,Diurno,Universidade da Beira Interior,165.8
541,Engenharia Naval e Oceânica,Diurno,Universidade de Lisboa,172.3
542,Engenharia Química,Diurno,Instituto Politécnico do Porto,134.6
543,Engenharia Química,Diurno,Universidade de Aveiro,133.8
544,Engenharia Química,Diurno,Universidade de Coimbra,122.0
545,Engenharia Química,Diurno,Universidade de Lisboa,156.5
546,Engenharia Química,Diurno,Universidade do Porto,135.0
547,Engenharia Química e Biológica,Diurno,Instituto Politécnico de Lisboa,122.2
548,Engenharia Química e Biológica,Diurno,Universidade Nova de Lisboa,138.8
549,Engenharia Química e Biológica,Diurno,Universidade do Minho,148.0
550,Engenharia Têxtil,Diurno,Universidade do Minho,123.8
551,Engenharia Zootécnica,Diurno,Instituto Politécnico de Viseu,137.1
552,Engenharia Zootécnica,Diurno,Universidade de Lisboa,123.8
553,Engenharia Zootécnica,Diurno,Universidade de Trás-os-Montes e Alto Douro,135.1
554,Engenharia da Computação Gráfica e Multimédia,Diurno,Instituto Politécnico de Viana do Castelo,115.3
555,Engenharia da Energia e Ambiente,Diurno,Universidade de Lisboa,123.8
556,Engenharia da Energia e do Ambiente,Diurno,Instituto Politécnico de Leiria,124.5
557,Engenharia de Automação Industrial,Diurno,Universidade de Aveiro,113.3
558,"Engenharia de Automação, Controlo e Instrumentação",Diurno,Instituto Politécnico de Setúbal,126.9
559,Engenharia de Computadores e Informática,Diurno,Universidade de Aveiro,145.5
560,Engenharia de Energias Renováveis,Diurno,Universidade de Évora,128.3
561,Engenharia de Materiais,Diurno,Universidade Nova de Lisboa,138.8
562,Engenharia de Materiais,Diurno,Universidade de Aveiro,129.4
563,Engenharia de Materiais,Diurno,Universidade de Lisboa,153.5
564,Engenharia de Materiais,Diurno,Universidade do Minho,142.2
565,Engenharia de Materiais,Diurno,Universidade do Porto,150.5
566,Engenharia de Micro e Nanotecnologias,Diurno,Universidade Nova de Lisboa,109.8
567,Engenharia de Minas e Geo-Ambiente,Diurno,Universidade do Porto,126.5
568,Engenharia de Minas e Recursos Energéticos,Diurno,Universidade de Lisboa,130.3
569,Engenharia de Máquinas Marítimas,Diurno,Escola Superior Náutica Infante D. Henrique,125.4
570,Engenharia de Polímeros,Diurno,Universidade do Minho,132.6
571,Engenharia de Redes e Sistemas de Computadores,Diurno,Instituto Politécnico de Viana do Castelo,116.5
572,Engenharia de Sistemas,Diurno,Instituto Politécnico do Porto,134.1
573,Engenharia de Sistemas Informáticos,Diurno,Instituto Politécnico do Cávado e do Ave,136.1
574,Engenharia de Sistemas Informáticos,Pós-Laboral,Instituto Politécnico do Cávado e do Ave,135.6
575,Engenharia de Sistemas e Tecnologias Informáticas,Diurno,Universidade do Algarve,121.9
576,Engenharia de Telecomunicações e Informática,Diurno,ISCTE,122.8
577,Engenharia de Telecomunicações e Informática,Diurno,Instituto Politécnico do Porto,145.4
578,Engenharia de Telecomunicações e Informática,Diurno,Universidade de Lisboa,124.3
579,Engenharia de Telecomunicações e Informática,Diurno,Universidade do Minho,123.0
580,Engenharia do Ambiente,Diurno,Universidade Nova de Lisboa,113.4
581,Engenharia do Ambiente,Diurno,Universidade de Aveiro,119.6
582,Engenharia do Ambiente,Diurno,Universidade de Coimbra,126.8
583,Engenharia do Ambiente,Diurno,Universidade de Lisboa,115.3
584,Engenharia do Ambiente,Diurno,Universidade do Porto,135.5
585,Engenharia e Biotecnologia Florestal,Diurno,Universidade de Trás-os-Montes e Alto Douro,145.1
586,Engenharia e Ciência de Dados,Diurno,Universidade de Coimbra,146.0
587,Engenharia e Gestão Industrial,Diurno,Instituto Politécnico de Castelo Branco,132.2
588,Engenharia e Gestão Industrial,Diurno,Instituto Politécnico de Coimbra,134.0
589,Engenharia e Gestão Industrial,Diurno,Instituto Politécnico de Leiria,129.6
590,Engenharia e Gestão Industrial,Diurno,Instituto Politécnico do Cávado e do Ave,135.5
591,Engenharia e Gestão Industrial,Diurno,Instituto Politécnico do Porto,146.1
592,Engenharia e Gestão Industrial,Diurno,Universidade Nova de Lisboa,162.8
593,Engenharia e Gestão Industrial,Diurno,Universidade da Beira Interior,118.8
594,Engenharia e Gestão Industrial,Diurno,Universidade de Aveiro,159.0
595,Engenharia e Gestão Industrial,Diurno,Universidade de Coimbra,156.8
596,Engenharia e Gestão Industrial,Diurno,Universidade de Lisboa,155.8
597,Engenharia e Gestão Industrial,Diurno,Universidade de Trás-os-Montes e Alto Douro,132.2
598,Engenharia e Gestão Industrial,Diurno,Universidade do Minho,152.8
599,Engenharia e Gestão Industrial,Diurno,Universidade do Porto,171.5
600,Engenharia e Gestão de Sistemas de Informação,Diurno,Universidade do Minho,138.8
601,Engenharia em Desenvolvimento de Jogos Digitais,Diurno,Instituto Politécnico do Cávado e do Ave,131.3
602,Enologia,Diurno,Universidade de Trás-os-Montes e Alto Douro,118.4
603,Enologia,Diurno,Universidade de Évora,116.9
604,Equinicultura,Diurno,Instituto Politécnico de Portalegre,124.5
605,Escultura,Diurno,Universidade de Lisboa,146.8
606,Estatística Aplicada,Diurno,Universidade de Lisboa,147.0
607,Estatística Aplicada,Diurno,Universidade do Minho,122.0
608,Estudos Africanos,Diurno,Universidade de Lisboa,124.5
609,Estudos Artísticos,Diurno,Universidade de Coimbra,129.0
610,"Estudos Artísticos, variante de Artes do Espetáculo",Diurno,Universidade de Lisboa,131.0
611,Estudos Asiáticos,Diurno,Universidade de Lisboa,116.5
612,Estudos Clássicos,Diurno,Universidade de Coimbra,128.0
613,Estudos Clássicos,Diurno,Universidade de Lisboa,122.5
614,Estudos Comparatistas,Diurno,Universidade de Lisboa,111.0
615,Estudos Culturais,Diurno,Universidade do Minho,143.8
616,Estudos Europeus,Diurno,Universidade de Coimbra,156.0
617,Estudos Europeus,Diurno,Universidade de Lisboa,125.0
618,Estudos Europeus,Diurno,Universidade dos Açores,108.4
619,Estudos Gerais,Diurno,Universidade de Lisboa,130.0
620,Estudos Orientais: Estudos Chineses e Japoneses,Diurno,Universidade do Minho,145.2
621,Estudos Portugueses,Diurno,Universidade Nova de Lisboa,130.0
622,Estudos Portugueses,Diurno,Universidade de Lisboa,131.5
623,Estudos Portugueses,Diurno,Universidade do Minho,126.0
624,Estudos Portugueses e Espanhóis,Diurno,Universidade da Beira Interior,118.0
625,Estudos Portugueses e Ingleses,Diurno,Universidade dos Açores,134.0
626,Estudos de Cultura,Diurno,Universidade da Madeira,112.7
627,Estudos de Cultura e Comunicação Intercultural,Diurno,Universidade de Lisboa,132.5
628,Estudos de Filosofia e de Cultura Contemporânea,Diurno,Universidade de Évora,120.3
629,Farmácia,Diurno,Instituto Politécnico da Guarda,112.2
630,Farmácia,Diurno,Instituto Politécnico de Bragança,109.3
631,Farmácia,Diurno,Instituto Politécnico de Coimbra,137.9
632,Farmácia,Diurno,Instituto Politécnico de Lisboa,148.0
633,Farmácia,Diurno,Instituto Politécnico do Porto,142.0
634,Farmácia,Diurno,Universidade do Algarve,111.3
635,Farmácia Biomédica,Diurno,Universidade de Coimbra,140.0
636,Filosofia,Diurno,Universidade Nova de Lisboa,147.5
637,Filosofia,Diurno,Universidade da Beira Interior,136.7
638,Filosofia,Diurno,Universidade de Coimbra,145.0
639,Filosofia,Diurno,Universidade de Lisboa,137.5
640,Filosofia,Diurno,Universidade do Minho,139.0
641,Filosofia,Diurno,Universidade do Porto,126.4
642,Finanças,Diurno,Instituto Politécnico do Cávado e do Ave,137.5
643,Finanças,Diurno,Universidade de Aveiro,136.3
644,Finanças,Pós-Laboral,Universidade de Aveiro,126.6
645,Finanças (ensino em inglês),Diurno,Universidade de Lisboa,152.5
646,Finanças Empresariais,Diurno,Instituto Politécnico de Lisboa,150.5
647,Finanças Empresariais,Pós-Laboral,Instituto Politécnico de Lisboa,129.4
648,Finanças e Contabilidade,Diurno,ISCTE,138.0
649,Finanças e Contabilidade,Diurno,Instituto Politécnico de Coimbra,138.5
650,Fiscalidade,Diurno,Instituto Politécnico do Cávado e do Ave,136.0
651,Fiscalidade,Pós-Laboral,Instituto Politécnico do Cávado e do Ave,126.3
652,Fisiologia Clínica,Diurno,Instituto Politécnico de Castelo Branco,131.4
653,Fisiologia Clínica,Diurno,Instituto Politécnico de Coimbra,147.4
654,Fisiologia Clínica,Diurno,Instituto Politécnico de Lisboa,120.1
655,Fisiologia Clínica,Diurno,Instituto Politécnico do Porto,141.5
656,Fisioterapia,Diurno,Instituto Politécnico de Bragança,131.2
657,Fisioterapia,Diurno,Instituto Politécnico de Castelo Branco,146.1
658,Fisioterapia,Diurno,Instituto Politécnico de Coimbra,152.8
659,Fisioterapia,Diurno,Instituto Politécnico de Leiria,146.6
660,Fisioterapia,Diurno,Instituto Politécnico de Lisboa,117.2
661,Fisioterapia,Diurno,Instituto Politécnico de Portalegre,136.4
662,Fisioterapia,Diurno,Instituto Politécnico de Setúbal,140.6
663,Fisioterapia,Diurno,Instituto Politécnico do Porto,118.5
664,Fisioterapia,Diurno,Universidade de Aveiro,105.8
665,Fisioterapia,Diurno,Universidade do Algarve,134.1
666,Fotografia,Diurno,Instituto Politécnico de Tomar,125.0
667,Fotografia,Diurno,Instituto Politécnico do Porto,120.8
668,Física,Diurno,Universidade de Aveiro,130.3
669,Física,Diurno,Universidade de Coimbra,112.3
670,Física,Diurno,Universidade de Lisboa,150.5
671,Física,Diurno,Universidade do Minho,111.2
672,Física,Diurno,Universidade do Porto,125.0
673,Gastronomia,Diurno,Instituto Politécnico de Coimbra,139.0
674,Gastronomia e Artes Culinárias,Diurno,Instituto Politécnico de Viana do Castelo,115.0
675,Genética e Biotecnologia,Diurno,Universidade de Trás-os-Montes e Alto Douro,130.6
676,Geografia,Diurno,Universidade de Coimbra,125.5
677,Geografia,Diurno,Universidade de Lisboa,129.0
678,Geografia,Diurno,Universidade de Évora,131.9
679,Geografia,Diurno,Universidade do Porto,136.6
680,Geografia e Planeamento,Diurno,Universidade do Minho,138.0
681,Geografia e Planeamento Regional,Diurno,Universidade Nova de Lisboa,134.5
682,Geologia,Diurno,Universidade de Aveiro,125.6
683,Geologia,Diurno,Universidade de Coimbra,111.5
684,Geologia,Diurno,Universidade de Lisboa,129.5
685,Geologia,Diurno,Universidade do Minho,115.2
686,Geologia,Diurno,Universidade do Porto,130.5
687,Gerontologia,Diurno,Instituto Politécnico de Bragança,131.3
688,Gerontologia Social,Diurno,Instituto Politécnico de Coimbra,126.9
689,Gestão,Diurno,ISCTE,115.0
690,Gestão,Diurno,Instituto Politécnico da Guarda,116.5
691,Gestão,Diurno,Instituto Politécnico de Bragança,125.2
692,Gestão,Diurno,Instituto Politécnico de Castelo Branco,102.0
693,Gestão,Diurno,Instituto Politécnico de Coimbra,124.1
694,Gestão,Diurno,Instituto Politécnico de Leiria,116.0
695,Gestão,Diurno,Instituto Politécnico de Lisboa,117.8
696,Gestão,Diurno,Instituto Politécnico de Portalegre,111.3
697,Gestão,Diurno,Instituto Politécnico de Viana do Castelo,125.8
698,Gestão,Diurno,Universidade Nova de Lisboa,139.0
699,Gestão,Diurno,Universidade da Beira Interior,133.4
700,Gestão,Diurno,Universidade da Madeira,147.0
701,Gestão,Diurno,Universidade de Aveiro,114.8
702,Gestão,Diurno,Universidade de Coimbra,169.0
703,Gestão,Diurno,Universidade de Lisboa,119.3
704,Gestão,Diurno,Universidade de Trás-os-Montes e Alto Douro,129.4
705,Gestão,Diurno,Universidade de Évora,143.3
706,Gestão,Diurno,Universidade do Algarve,115.7
707,Gestão,Diurno,Universidade do Minho,115.6
708,Gestão,Diurno,Universidade do Porto,125.5
709,Gestão,Diurno,Universidade dos Açores,111.2
710,Gestão,Noturno,Instituto Politécnico de Viana do Castelo,117.9
711,Gestão,Noturno,Universidade do Algarve,109.7
712,Gestão,Pós-Laboral,Instituto Politécnico de Leiria,127.9
713,Gestão,Pós-Laboral,Instituto Politécnico de Lisboa,147.7
714,Gestão,Pós-Laboral,Instituto Politécnico de Portalegre,129.9
715,Gestão (ensino em Inglês),Diurno,Universidade de Lisboa,125.0
716,Gestão Comercial,Diurno,Instituto Politécnico de Castelo Branco,111.0
717,Gestão Comercial,Diurno,Instituto Politécnico de Viseu,116.2
718,Gestão Comercial,Diurno,Universidade de Aveiro,138.5
719,Gestão Hoteleira,Diurno,Instituto Politécnico da Guarda,120.5
720,Gestão Hoteleira,Diurno,Instituto Politécnico do Cávado e do Ave,121.8
721,Gestão Hoteleira,Diurno,Universidade do Algarve,127.0
722,Gestão Industrial,Diurno,Instituto Politécnico de Viseu,118.8
723,Gestão Industrial e Logística,Diurno,ISCTE,130.0
724,Gestão Industrial e Logística,Diurno,Instituto Politécnico do Porto,138.7
725,Gestão Marinha e Costeira,Diurno,Universidade do Algarve,108.4
726,Gestão Portuária,Diurno,Escola Superior Náutica Infante D. Henrique,137.8
727,Gestão Pública,Diurno,Instituto Politécnico do Cávado e do Ave,117.8
728,Gestão Pública,Diurno,Universidade de Aveiro,137.6
729,Gestão Sustentável das Cidades,Diurno,Instituto Politécnico de Coimbra,115.5
730,Gestão Turística,Diurno,Escola Superior de Hotelaria e Turismo do Estoril,117.6
731,Gestão Turística,Pós-Laboral,Escola Superior de Hotelaria e Turismo do Estoril,125.6
732,Gestão Turística e Hoteleira,Diurno,Instituto Politécnico de Leiria,118.1
733,"Gestão Turística, Cultural e Patrimonial",Diurno,Instituto Politécnico de Viseu,120.8
734,Gestão da Distribuição e Logística,Diurno,Instituto Politécnico de Viana do Castelo,108.0
735,Gestão da Distribuição e da Logística,Diurno,Instituto Politécnico de Setúbal,136.4
736,Gestão da Distribuição e da Logística,Pós-Laboral,Instituto Politécnico de Setúbal,121.0
737,Gestão da Qualidade,Diurno,Universidade de Aveiro,135.3
738,Gestão da Restauração e Catering,Diurno,Instituto Politécnico de Leiria,107.6
739,Gestão da Restauração e Catering,Diurno,Instituto Politécnico do Porto,131.6
740,Gestão das Atividades Turísticas,Diurno,Instituto Politécnico do Porto,140.5
741,Gestão das Atividades Turísticas,Pós-Laboral,Instituto Politécnico do Porto,109.0
742,Gestão das Organizações Desportivas,Diurno,Instituto Politécnico de Santarém,121.0
743,Gestão de Atividades Turísticas,Diurno,Instituto Politécnico do Cávado e do Ave,131.1
744,Gestão de Atividades Turísticas,Pós-Laboral,Instituto Politécnico do Cávado e do Ave,110.0
745,Gestão de Cidades Sustentáveis e Inteligentes,Diurno,Universidade de Coimbra,113.0
746,Gestão de Empresas,Diurno,Instituto Politécnico de Beja,126.7
747,Gestão de Empresas,Diurno,Instituto Politécnico de Coimbra,122.7
748,Gestão de Empresas,Diurno,Instituto Politécnico de Santarém,126.7
749,Gestão de Empresas,Diurno,Instituto Politécnico de Tomar,110.0
750,Gestão de Empresas,Diurno,Instituto Politécnico de Viseu,119.9
751,Gestão de Empresas,Diurno,Instituto Politécnico do Cávado e do Ave,124.7
752,Gestão de Empresas,Diurno,Universidade do Algarve,122.0
753,Gestão de Empresas,Pós-Laboral,Instituto Politécnico de Beja,116.1
754,Gestão de Empresas,Pós-Laboral,Instituto Politécnico de Santarém,105.0
755,Gestão de Empresas,Pós-Laboral,Instituto Politécnico de Viseu,108.7
756,Gestão de Empresas,Pós-Laboral,Instituto Politécnico do Cávado e do Ave,150.4
757,Gestão de Eventos,Diurno,Instituto Politécnico de Leiria,113.0
758,Gestão de Informação,Diurno,Universidade Nova de Lisboa,154.6
759,Gestão de Marketing,Diurno,ISCTE,160.0
760,Gestão de Marketing,Diurno,Instituto Politécnico de Santarém,106.0
761,"Gestão de Negócios Internacionais (Curso Europeu, ensino em Inglês)",Diurno,Instituto Politécnico de Bragança,121.4
762,Gestão de Recursos Humanos,Diurno,ISCTE,117.5
763,Gestão de Recursos Humanos,Diurno,Instituto Politécnico da Guarda,109.7
764,Gestão de Recursos Humanos,Diurno,Instituto Politécnico de Setúbal,115.7
765,Gestão de Recursos Humanos,Diurno,Universidade de Lisboa,154.0
766,Gestão de Recursos Humanos,Pós-Laboral,Instituto Politécnico de Setúbal,123.7
767,Gestão de Recursos Humanos,Pós-Laboral,Universidade de Lisboa,137.0
768,Gestão de Recursos Humanos e Comportamento Organizacional,Diurno,Instituto Politécnico de Tomar,115.0
769,Gestão de Sistemas de Informação,Diurno,Instituto Politécnico de Setúbal,122.0
770,Gestão de Transportes e Logística,Diurno,Escola Superior Náutica Infante D. Henrique,138.1
771,Gestão do Desporto,Diurno,Universidade de Lisboa,122.0
772,Gestão do Lazer e Animação Turística,Diurno,Escola Superior de Hotelaria e Turismo do Estoril,142.4
773,Gestão do Lazer e Animação Turística,Pós-Laboral,Escola Superior de Hotelaria e Turismo do Estoril,117.4
774,Gestão do Património Cultural,Diurno,Instituto Politécnico do Porto,124.5
775,Gestão do Território,Diurno,Instituto Politécnico de Coimbra,110.7
776,Gestão do Turismo e da Hospitalidade,Diurno,Instituto Politécnico da Guarda,123.4
777,Gestão e Administração Hoteleira,Diurno,Instituto Politécnico do Porto,119.7
778,Gestão e Administração Pública,Diurno,Instituto Politécnico de Bragança,100.0
779,Gestão e Biociências,Diurno,Instituto Politécnico de Coimbra,118.4
780,Gestão e Informática,Diurno,Instituto Politécnico de Viseu,122.5
781,Gestão e Planeamento em Turismo,Diurno,Universidade de Aveiro,142.6
782,Guias de Natureza e Património,Diurno,Universidade dos Açores,120.3
783,Higiene Oral,Diurno,Instituto Politécnico de Portalegre,127.4
784,Higiene Oral,Diurno,Universidade de Lisboa,146.8
785,História,Diurno,Universidade Nova de Lisboa,111.5
786,História,Diurno,Universidade de Coimbra,123.0
787,História,Diurno,Universidade de Lisboa,139.0
788,História,Diurno,Universidade do Minho,124.8
789,História,Diurno,Universidade do Porto,137.0
790,História,Diurno,Universidade dos Açores,135.1
791,História Moderna e Contemporânea,Diurno,ISCTE,121.5
792,História da Arte,Diurno,Universidade Nova de Lisboa,131.0
793,História da Arte,Diurno,Universidade de Coimbra,136.5
794,História da Arte,Diurno,Universidade de Lisboa,125.5
795,História da Arte,Diurno,Universidade do Porto,124.0
796,História e Arqueologia,Diurno,Universidade de Évora,131.9
797,Imagem Animada,Diurno,Universidade do Algarve,137.5
798,Imagem Médica e Radioterapia,Diurno,Instituto Politécnico de Castelo Branco,121.4
799,Imagem Médica e Radioterapia,Diurno,Instituto Politécnico de Coimbra,149.3
800,Imagem Médica e Radioterapia,Diurno,Instituto Politécnico de Lisboa,141.5
801,Imagem Médica e Radioterapia,Diurno,Instituto Politécnico do Porto,135.0
802,Imagem Médica e Radioterapia,Diurno,Universidade de Aveiro,127.6
803,Imagem Médica e Radioterapia,Diurno,Universidade do Algarve,121.0
804,Informação Turística,Diurno,Escola Superior de Hotelaria e Turismo do Estoril,111.4
805,Informática,Diurno,Instituto Politécnico de Santarém,119.0
806,Informática,Diurno,Universidade dos Açores,120.1
807,Informática Industrial,Diurno,Instituto Politécnico de Coimbra,117.9
808,"Informática Web, Móvel e na Nuvem",Diurno,Universidade da Beira Interior,122.8
809,Informática de Gestão,Diurno,Instituto Politécnico de Bragança,133.8
810,Informática de Gestão,Diurno,Instituto Politécnico de Coimbra,132.3
811,Informática e Gestão de Empresas,Diurno,ISCTE,128.0
812,Informática e Gestão de Empresas,Pós-Laboral,ISCTE,151.5
813,Informática e Multimédia,Diurno,Instituto Politécnico de Castelo Branco,126.7
814,Informática e Tecnologias Multimédia,Diurno,Instituto Politécnico de Tomar,126.6
815,Inteligência Artificial e Ciência de Dados,Diurno,Universidade da Beira Interior,125.3
816,Inteligência Artificial e Ciência de Dados,Diurno,Universidade de Évora,115.0
817,Inteligência Artificial e Ciência de Dados,Diurno,Universidade do Porto,148.5
818,Jogos Digitais e Multimédia (ensino em inglês),Diurno,Instituto Politécnico de Leiria,119.4
819,Jornalismo,Diurno,Instituto Politécnico de Lisboa,113.0
820,Jornalismo e Comunicação,Diurno,Instituto Politécnico de Portalegre,118.8
821,Jornalismo e Comunicação,Diurno,Universidade de Coimbra,142.5
822,Literatura e Estudos Interartes,Diurno,Universidade do Porto,125.8
823,Língua Gestual Portuguesa,Diurno,Instituto Politécnico de Coimbra,120.1
824,Línguas Aplicadas,Diurno,Universidade do Minho,106.4
825,Línguas Aplicadas,Diurno,Universidade do Porto,118.0
826,Línguas Estrangeiras: Inglês e Espanhol,Diurno,Instituto Politécnico de Bragança,111.6
827,Línguas Modernas,Diurno,Universidade de Coimbra,157.0
828,Línguas e Comunicação Intercultural,Diurno,Universidade do Algarve,124.0
829,Línguas e Culturas Estrangeiras,Diurno,Instituto Politécnico do Porto,133.7
830,Línguas e Estudos Editoriais,Diurno,Universidade de Aveiro,150.8
831,Línguas e Literaturas,Diurno,Universidade de Évora,132.8
832,Línguas e Literaturas Europeias,Diurno,Universidade do Minho,151.6
833,Línguas e Relações Empresariais,Diurno,Universidade da Madeira,132.5
834,Línguas e Relações Empresariais,Diurno,Universidade de Aveiro,135.2
835,Línguas e Relações Empresariais,Diurno,Universidade de Trás-os-Montes e Alto Douro,146.8
836,Línguas e Relações Internacionais,Diurno,Universidade do Porto,136.0
837,Línguas para Relações Internacionais,Diurno,Instituto Politécnico de Bragança,114.2
838,"Línguas, Literaturas e Culturas",Diurno,Universidade Nova de Lisboa,141.0
839,"Línguas, Literaturas e Culturas",Diurno,Universidade de Aveiro,124.4
840,"Línguas, Literaturas e Culturas",Diurno,Universidade de Lisboa,127.0
841,"Línguas, Literaturas e Culturas",Diurno,Universidade de Trás-os-Montes e Alto Douro,143.5
842,"Línguas, Literaturas e Culturas",Diurno,Universidade do Algarve,132.8
843,"Línguas, Literaturas e Culturas",Diurno,Universidade do Porto,130.6
844,Marketing,Diurno,Instituto Politécnico da Guarda,105.0
845,Marketing,Diurno,Instituto Politécnico de Bragança,134.8
846,Marketing,Diurno,Instituto Politécnico de Coimbra,111.4
847,Marketing,Diurno,Instituto Politécnico de Leiria,134.5
848,Marketing,Diurno,Instituto Politécnico de Setúbal,127.2
849,Marketing,Diurno,Instituto Politécnico de Viseu,121.4
850,Marketing,Diurno,Instituto Politécnico do Porto,136.4
851,Marketing,Diurno,Universidade da Beira Interior,136.2
852,Marketing,Diurno,Universidade de Aveiro,145.5
853,Marketing,Diurno,Universidade do Algarve,133.4
854,Marketing,Diurno,Universidade do Minho,113.8
855,Marketing,Pós-Laboral,Instituto Politécnico do Porto,139.6
856,Marketing,Pós-Laboral,Universidade de Aveiro,139.4
857,Marketing Turístico,Diurno,Instituto Politécnico de Leiria,103.0
858,Marketing e Comunicação Empresarial,Diurno,Instituto Politécnico de Viana do Castelo,140.3
859,Marketing e Negócios Internacionais,Diurno,Instituto Politécnico de Coimbra,129.3
860,Matemática,Diurno,Universidade Nova de Lisboa,152.5
861,Matemática,Diurno,Universidade da Madeira,115.4
862,Matemática,Diurno,Universidade de Aveiro,145.8
863,Matemática,Diurno,Universidade de Coimbra,147.0
864,Matemática,Diurno,Universidade de Lisboa,151.0
865,Matemática,Diurno,Universidade de Évora,113.5
866,Matemática,Diurno,Universidade do Minho,158.0
867,Matemática,Diurno,Universidade do Porto,138.0
868,Matemática Aplicada,Diurno,Universidade de Lisboa,148.5
869,Matemática Aplicada,Diurno,Universidade do Porto,147.5
870,Matemática Aplicada e Ciência de Dados,Diurno,Universidade de Trás-os-Montes e Alto Douro,117.0
871,Matemática Aplicada e Computação,Diurno,Universidade de Lisboa,163.0
872,Matemática Aplicada e Tecnologias Digitais,Diurno,ISCTE,117.4
873,Matemática Aplicada à Economia e à Gestão,Diurno,Universidade de Lisboa,174.0
874,Matemática Aplicada à Economia e à Gestão,Diurno,Universidade de Évora,123.4
875,Matemática Aplicada à Economia e à Gestão,Diurno,Universidade do Algarve,115.8
876,Matemática Aplicada à Gestão do Risco,Diurno,Universidade Nova de Lisboa,175.2
877,Matemática Aplicada à Tecnologia e à Empresa,Diurno,Instituto Politécnico de Lisboa,142.8
878,Matemática e Aplicações,Diurno,Universidade da Beira Interior,118.4
879,Mecânica e Informática Industrial,Diurno,Instituto Politécnico da Guarda,116.7
880,Mediação Artística e Cultural,Diurno,Instituto Politécnico de Lisboa,127.5
881,Medicina,Diurno,Universidade Nova de Lisboa,164.7
882,Medicina,Diurno,Universidade da Beira Interior,173.5
883,Medicina,Diurno,Universidade de Aveiro,161.7
884,Medicina,Diurno,Universidade de Coimbra,169.5
885,Medicina,Diurno,Universidade de Lisboa,162.2
886,Medicina,Diurno,Universidade do Minho,146.0
887,Medicina,Diurno,Universidade do Porto,155.0
888,Medicina Dentária,Diurno,Universidade de Coimbra,147.5
889,Medicina Dentária,Diurno,Universidade de Lisboa,154.5
890,Medicina Dentária,Diurno,Universidade do Porto,152.3
891,Medicina Veterinária,Diurno,Universidade de Lisboa,146.3
892,Medicina Veterinária,Diurno,Universidade de Trás-os-Montes e Alto Douro,113.5
893,Medicina Veterinária,Diurno,Universidade de Évora,148.3
894,Medicina Veterinária,Diurno,Universidade do Porto,167.0
895,Medicina Veterinária (Preparatórios),Diurno,Universidade dos Açores,141.2
896,"Meteorologia, Oceanografia e Clima",Diurno,Universidade de Aveiro,116.0
897,"Meteorologia, Oceanografia e Geofísica",Diurno,Universidade de Lisboa,115.0
898,Multimédia,Diurno,Instituto Politécnico de Bragança,116.9
899,Multimédia,Diurno,Instituto Politécnico do Porto,144.6
900,Multimédia e Tecnologias da Comunicação,Diurno,Universidade de Aveiro,102.4
901,Música em Contextos Comunitários,Diurno,Instituto Politécnico de Bragança,169.1
902,Negócios Internacionais,Diurno,Instituto Politécnico de Santarém,113.3
903,Negócios Internacionais,Diurno,Universidade do Minho,164.8
904,Optometria e Ciências da Visão,Diurno,Universidade da Beira Interior,108.0
905,Optometria e Ciências da Visão,Diurno,Universidade do Minho,126.4
906,Organização e Gestão Empresariais,Diurno,Instituto Politécnico de Viana do Castelo,137.2
907,Ortoprotesia,Diurno,Instituto Politécnico de Lisboa,133.7
908,Ortóptica,Diurno,Instituto Politécnico do Porto,134.5
909,Ortóptica e Ciências da Visão,Diurno,Instituto Politécnico de Lisboa,133.8
910,Osteopatia,Diurno,Instituto Politécnico do Porto,143.8
911,Património Cultural,Diurno,Universidade de Évora,122.6
912,Património Cultural e Arqueologia,Diurno,Universidade do Algarve,121.2
913,Pilotagem,Diurno,Escola Superior Náutica Infante D. Henrique,132.9
914,Pintura,Diurno,Universidade de Lisboa,160.0
915,Planeamento e Gestão do Território,Diurno,Universidade de Lisboa,132.5
916,"Política, Economia e Sociedade",Diurno,ISCTE,137.0
917,Português,Diurno,Universidade de Coimbra,137.5
918,Produção Alimentar em Restauração,Diurno,Escola Superior de Hotelaria e Turismo do Estoril,126.0
919,Produção Alimentar em Restauração,Pós-Laboral,Escola Superior de Hotelaria e Turismo do Estoril,109.0
920,Produção Multimédia em Educação,Diurno,Instituto Politécnico de Santarém,119.4
921,Programação e Produção Cultural,Diurno,Instituto Politécnico de Leiria,130.2
922,Proteção Civil e Gestão de Riscos,Diurno,Universidade dos Açores,115.5
923,Proteção Civil e Gestão do Território,Diurno,Universidade do Minho,128.2
924,Prótese Dentária,Diurno,Universidade de Lisboa,130.8
925,Psicologia,Diurno,ISCTE,111.5
926,Psicologia,Diurno,Universidade da Beira Interior,126.2
927,Psicologia,Diurno,Universidade da Madeira,142.8
928,Psicologia,Diurno,Universidade de Aveiro,137.0
929,Psicologia,Diurno,Universidade de Coimbra,125.2
930,Psicologia,Diurno,Universidade de Lisboa,118.0
931,Psicologia,Diurno,Universidade de Trás-os-Montes e Alto Douro,126.9
932,Psicologia,Diurno,Universidade de Évora,131.8
933,Psicologia,Diurno,Universidade do Algarve,137.4
934,Psicologia,Diurno,Universidade do Minho,124.4
935,Psicologia,Diurno,Universidade do Porto,114.5
936,Psicologia,Diurno,Universidade dos Açores,146.6
937,Publicidade e Marketing,Diurno,Instituto Politécnico de Lisboa,120.5
938,Publicidade e Marketing,Pós-Laboral,Instituto Politécnico de Lisboa,111.0
939,Publicidade e Relações Públicas,Diurno,Instituto Politécnico de Viseu,109.0
940,Qualidade Alimentar e Nutrição Humana,Diurno,Instituto Politécnico de Santarém,113.7
941,Química,Diurno,Universidade de Aveiro,143.2
942,Química,Diurno,Universidade de Coimbra,124.0
943,Química,Diurno,Universidade de Lisboa,147.0
944,Química,Diurno,Universidade do Minho,133.0
945,Química,Diurno,Universidade do Porto,127.3
946,Química Aplicada,Diurno,Universidade Nova de Lisboa,143.4
947,Química Industrial,Diurno,Universidade da Beira Interior,112.9
948,Química Medicinal,Diurno,Universidade de Coimbra,120.5
949,Química Tecnológica,Diurno,Universidade de Lisboa,117.8
950,Reabilitação Psicomotora,Diurno,Universidade de Lisboa,129.0
951,Reabilitação Psicomotora,Diurno,Universidade de Évora,124.5
952,Recursos Humanos,Diurno,Instituto Politécnico do Porto,149.7
953,Relações Humanas e Comunicação Organizacional,Diurno,Instituto Politécnico de Leiria,126.9
954,Relações Humanas e Comunicação Organizacional,Pós-Laboral,Instituto Politécnico de Leiria,119.4
955,Relações Internacionais,Diurno,Universidade de Coimbra,123.0
956,Relações Internacionais,Diurno,Universidade de Lisboa,167.5
957,Relações Internacionais,Diurno,Universidade de Évora,134.3
958,Relações Internacionais,Diurno,Universidade do Minho,131.6
959,Relações Internacionais,Pós-Laboral,Universidade de Lisboa,142.5
960,Relações Lusófonas e Língua Portuguesa,Diurno,Instituto Politécnico de Bragança,123.5
961,Relações Públicas e Comunicação Empresarial,Diurno,Instituto Politécnico de Lisboa,133.0
962,Relações Públicas e Comunicação Empresarial,Pós-Laboral,Instituto Politécnico de Lisboa,148.5
963,Restauração e Catering,Diurno,Instituto Politécnico da Guarda,119.8
964,Saúde Ambiental,Diurno,Instituto Politécnico de Coimbra,102.0
965,Saúde Ambiental,Diurno,Instituto Politécnico de Lisboa,132.8
966,Saúde Ambiental,Diurno,Instituto Politécnico do Porto,117.0
967,Saúde Digital,Diurno,Instituto Politécnico do Porto,121.3
968,Saúde Digital e Inovação Biomédica,Diurno,Universidade do Porto,166.3
969,Secretariado,Diurno,Instituto Politécnico de Castelo Branco,120.4
970,Secretariado de Administração,Diurno,Instituto Politécnico de Viseu,101.0
971,Secretariado de Direção e Administração,Diurno,Instituto Politécnico de Coimbra,122.0
972,Secretariado e Comunicação Empresarial,Diurno,Universidade de Aveiro,130.7
973,Segurança Informática em Redes de Computadores,Diurno,Instituto Politécnico do Porto,135.3
974,Segurança do Trabalho e Ambiente,Diurno,Instituto Politécnico do Porto,127.2
975,Serviço Social,Diurno,ISCTE,119.5
976,Serviço Social,Diurno,Instituto Politécnico de Beja,118.0
977,Serviço Social,Diurno,Instituto Politécnico de Castelo Branco,113.6
978,Serviço Social,Diurno,Instituto Politécnico de Leiria,128.3
979,Serviço Social,Diurno,Instituto Politécnico de Portalegre,105.2
980,Serviço Social,Diurno,Instituto Politécnico de Viseu,112.0
981,Serviço Social,Diurno,Universidade de Coimbra,143.5
982,Serviço Social,Diurno,Universidade de Lisboa,145.0
983,Serviço Social,Diurno,Universidade de Trás-os-Montes e Alto Douro,140.8
984,Serviço Social,Diurno,Universidade dos Açores,122.6
985,Serviço Social,Pós-Laboral,ISCTE,137.0
986,Serviço Social,Pós-Laboral,Instituto Politécnico de Leiria,117.2
987,Serviço Social,Pós-Laboral,Instituto Politécnico de Portalegre,119.8
988,Serviço Social,Pós-Laboral,Universidade de Lisboa,134.5
989,Sistemas de Informação para Gestão,Diurno,Instituto Politécnico do Porto,124.9
990,Sistemas e Tecnologias de Informação,Diurno,Universidade Nova de Lisboa,150.1
991,Sociologia,Diurno,ISCTE,119.5
992,Sociologia,Diurno,Universidade Nova de Lisboa,134.5
993,Sociologia,Diurno,Universidade da Beira Interior,123.2
994,Sociologia,Diurno,Universidade de Coimbra,144.0
995,Sociologia,Diurno,Universidade de Lisboa,135.0
996,Sociologia,Diurno,Universidade de Évora,134.6
997,Sociologia,Diurno,Universidade do Algarve,130.2
998,Sociologia,Diurno,Universidade do Minho,147.0
999,Sociologia,Diurno,Universidade do Porto,144.8
1000,Sociologia,Diurno,Universidade dos Açores,114.9
1001,Sociologia,Pós-Laboral,ISCTE,131.0
1002,Sociologia,Pós-Laboral,Universidade Nova de Lisboa,132.0
1003,Sociologia,Pós-Laboral,Universidade de Lisboa,130.5
1004,Solicitadoria,Diurno,Instituto Politécnico de Beja,131.1
1005,Solicitadoria,Diurno,Instituto Politécnico de Bragança,129.8
1006,Solicitadoria,Diurno,Instituto Politécnico de Castelo Branco,128.1
1007,Solicitadoria,Diurno,Instituto Politécnico de Leiria,134.0
1008,Solicitadoria,Diurno,Instituto Politécnico de Lisboa,133.2
1009,Solicitadoria,Diurno,Instituto Politécnico do Cávado e do Ave,123.9
1010,Solicitadoria,Diurno,Instituto Politécnico do Porto,127.3
1011,Solicitadoria,Pós-Laboral,Instituto Politécnico de Leiria,107.0
1012,Solicitadoria,Pós-Laboral,Instituto Politécnico de Lisboa,133.0
1013,Solicitadoria,Pós-Laboral,Instituto Politécnico do Cávado e do Ave,138.7
1014,Solicitadoria,Pós-Laboral,Instituto Politécnico do Porto,136.3
1015,Solicitadoria e Administração,Diurno,Instituto Politécnico de Coimbra,139.2
1016,Som e Imagem,Diurno,Instituto Politécnico de Leiria,135.1
1017,Teatro,Diurno,Instituto Politécnico de Leiria,116.6
1018,Teatro,Diurno,Universidade de Évora,138.3
1019,Teatro,Diurno,Universidade do Minho,136.6
1020,Teatro e Artes Performativas,Diurno,Universidade de Trás-os-Montes e Alto Douro,121.4
1021,Tecnologia Agro-Industrial,Diurno,Universidade Nova de Lisboa,129.5
1022,Tecnologia Alimentar,Diurno,Instituto Politécnico de Coimbra,114.0
1023,Tecnologia Biomédica,Diurno,Instituto Politécnico de Bragança,126.9
1024,Tecnologia Biomédica,Diurno,Instituto Politécnico de Setúbal,131.5
1025,Tecnologia Química,Diurno,Instituto Politécnico de Tomar,120.2
1026,Tecnologia e Design de Mobiliário,Diurno,Instituto Politécnico de Viseu,120.0
1027,Tecnologia e Gestão Ambiental,Diurno,Instituto Politécnico de Coimbra,112.3
1028,Tecnologia e Gestão Industrial,Noturno,Instituto Politécnico de Setúbal,112.3
1029,Tecnologia e Produto de Moda Sustentável,Diurno,Universidade da Beira Interior,120.0
1030,Tecnologias Digitais Educativas,Diurno,ISCTE,132.2
1031,Tecnologias Digitais e Automação,Diurno,ISCTE,132.2
1032,Tecnologias Digitais e Gestão,Diurno,ISCTE,134.2
1033,Tecnologias Digitais e Inteligência Artificial,Diurno,ISCTE,146.4
1034,Tecnologias Digitais e Saúde,Diurno,ISCTE,126.0
1035,Tecnologias Digitais e Segurança de Informação,Diurno,ISCTE,135.2
1036,"Tecnologias Digitais, Edifícios e Construção Sustentável",Diurno,ISCTE,129.2
1037,Tecnologias de Energia,Diurno,Instituto Politécnico de Setúbal,126.3
1038,Tecnologias de Informação,Diurno,Universidade de Lisboa,143.0
1039,Tecnologias do Ambiente e do Mar,Diurno,Instituto Politécnico de Setúbal,119.1
1040,Tecnologias do Petróleo,Diurno,Instituto Politécnico de Setúbal,113.9
1041,Tecnologias e Design de Multimédia,Diurno,Instituto Politécnico de Viseu,122.9
1042,Tecnologias e Gestão Municipal,Diurno,Instituto Politécnico de Lisboa,126.2
1043,Tecnologias e Sistemas de Informação para a Web,Diurno,Instituto Politécnico do Porto,130.2
1044,Tecnologias para a Educação STEAM,Diurno,Instituto Politécnico do Porto,119.1
1045,Terapia Ocupacional,Diurno,Instituto Politécnico de Beja,113.7
1046,Terapia Ocupacional,Diurno,Instituto Politécnico de Leiria,121.8
1047,Terapia Ocupacional,Diurno,Instituto Politécnico do Porto,129.0
1048,Terapia da Fala,Diurno,Instituto Politécnico de Leiria,130.0
1049,Terapia da Fala,Diurno,Instituto Politécnico de Setúbal,130.4
1050,Terapia da Fala,Diurno,Instituto Politécnico do Porto,121.0
1051,Terapia da Fala,Diurno,Universidade de Aveiro,136.2
1052,Tradução,Diurno,Universidade Nova de Lisboa,141.5
1053,Tradução,Diurno,Universidade de Aveiro,142.4
1054,Tradução,Diurno,Universidade de Lisboa,137.3
1055,Tradução e Interpretação de Língua Gestual Portuguesa,Diurno,Instituto Politécnico de Setúbal,120.2
1056,Tradução e Interpretação em Língua Gestual Portuguesa,Diurno,Instituto Politécnico do Porto,136.7
1057,Tradução e Interpretação: Português/Chinês - Chinês/Português,Diurno,Instituto Politécnico de Leiria,134.7
1058,Treino Desportivo,Diurno,Instituto Politécnico de Santarém,113.4
1059,Turismo,Diurno,Instituto Politécnico de Beja,100.0
1060,Turismo,Diurno,Instituto Politécnico de Bragança,110.0
1061,Turismo,Diurno,Instituto Politécnico de Castelo Branco,113.9
1062,Turismo,Diurno,Instituto Politécnico de Coimbra,127.3
1063,Turismo,Diurno,Instituto Politécnico de Leiria,110.4
1064,Turismo,Diurno,Instituto Politécnico de Portalegre,106.0
1065,Turismo,Diurno,Instituto Politécnico de Viana do Castelo,124.9
1066,Turismo,Diurno,Instituto Politécnico de Viseu,108.5
1067,Turismo,Diurno,Universidade de Trás-os-Montes e Alto Douro,130.6
1068,Turismo,Diurno,Universidade de Évora,126.4
1069,Turismo,Diurno,Universidade do Algarve,102.0
1070,Turismo,Diurno,Universidade dos Açores,111.3
1071,Turismo,Pós-Laboral,Instituto Politécnico de Coimbra,115.8
1072,Turismo e Gestão do Património Cultural,Diurno,Instituto Politécnico de Tomar,115.2
1073,Turismo e Lazer,Diurno,Instituto Politécnico da Guarda,121.7
1074,Turismo em Espaços Rurais e Naturais,Diurno,Instituto Politécnico de Coimbra,108.4
1075,"Turismo, Território e Patrimónios",Diurno,Universidade de Coimbra,128.0
1076,Zootecnia,Diurno,Instituto Politécnico de Coimbra,114.9
1077,Zootecnia,Diurno,Instituto Politécnico de Santarém,108.0
